Date,ACHO,doy,ADDO Ag,MHPO - Spill,NOCO,ST48,FFF,LRDC,LKNWR
2020-01-01,0.0,1,0.00855618740239878,0.0,0.009089571955822526,0.0,0.001916122258823659,0.0035984200470887697,0.0009030225765007614
2020-01-02,0.0,2,0.008485878851735927,0.0,0.008989095254955976,0.0,0.002043737994862588,0.003431833198020299,0.000940117802127016
2020-01-03,0.0,3,0.009069939622374325,0.0,0.008657746866692906,0.0,0.001969684559534851,0.002945033716428317,0.00093457874066559
2020-01-04,0.0,4,0.010104606665624289,0.0,0.009316712530352003,0.0,0.002091929907890172,0.002859192665192953,0.0011101076895333065
2020-01-05,0.0,5,0.009775052933466116,0.0,0.010002802960198273,0.0,0.0020377008061490884,0.002624692496450824,0.0011227057689152057
2020-01-06,0.0,6,0.009835848300218435,0.0,0.010816521474540727,0.0,0.0020259508329261568,0.0022689341682728434,0.0011091658408983868
2020-01-07,0.0,7,0.010375603008266546,0.0,0.010770914163564642,0.0,0.001968197446741683,0.0022191319598702515,0.0010441521695138357
2020-01-08,0.0,8,0.009985463593547765,0.0,0.010219984026487234,0.0,0.0018128018597872628,0.0026822691043850533,0.0010447676207873272
2020-01-09,0.0,9,0.00992492685391555,0.0,0.009670491294500561,0.0,0.0022153765542366186,0.0027348483992035997,0.0010435367182403438
2020-01-10,0.0,10,0.010107550518107763,0.0,0.00932585207717085,8.072864289154313e-05,0.0020457673414423713,0.0030122433926041904,0.0011278093571836963
2020-01-11,0.0,11,0.010708439898050379,0.0,0.009591444509052775,0.0001845226123235272,0.002049804345389526,0.004180974306533462,0.0008529334746890453
2020-01-12,0.0,12,0.01063652717856351,0.0,0.01046499746201203,8.441909513801368e-05,0.0019078970863821026,0.003612835006292023,0.0009489045824931093
2020-01-13,0.0,13,0.010438140204372049,0.0,0.010610665491883404,0.0,0.0020683218515599113,0.003623481534154979,0.0008292502104215693
2020-01-14,0.0,14,0.009860629569310907,0.0,0.011198111996900845,0.0,0.0018388253261292643,0.004276597419405788,0.0007563737592852178
2020-01-15,0.0,15,0.010076666920240543,0.0,0.01140621327774471,0.0,0.002207086628013306,0.0038562322405569062,0.0008499712769823888
2020-01-16,0.0,16,0.01051680580377581,0.0,0.01067045252184594,0.0,0.0021195300615542514,0.0034904283865591027,0.000954973892233523
2020-01-17,0.0,17,0.010628330425699434,0.0,0.010538918550172938,0.0,0.002403600264140072,0.0038356998121714405,0.0008499343667599621
2020-01-18,0.0,18,0.009956334968131439,0.0,0.009842877462623745,0.0,0.0023925828427210755,0.00406204775250599,0.0007710274265782885
2020-01-19,0.0,19,0.00992024721468105,0.0,0.008478260668034435,0.0,0.0023743720938624916,0.004043895893489373,0.000773563052117109
2020-01-20,0.0,20,0.009415355160834912,0.0,0.007719483545252537,0.0,0.0023670923802292087,0.003959692509583822,0.0007723321495701255
2020-01-21,0.0,21,0.009288372591091056,0.0,0.007938094389511255,0.0,0.0025893368296580565,0.003754536964488016,0.00076921798298024
2020-01-22,0.0,22,0.008750881773626484,0.0,0.008021939439811016,0.0,0.0025686112757661497,0.003313745233171263,0.0008007289401284934
2020-01-23,0.0,23,0.008409573017960725,0.0,0.008506666015612317,0.0,0.0025530932961631064,0.003465506727354463,0.0009458847001137098
2020-01-24,0.0,24,0.008540213264116397,0.0,0.008122211322913754,0.0,0.002661537910163386,0.003286414870562397,0.0009508452205240705
2020-01-25,0.0,25,0.008133301391114336,0.0,0.00714268925691015,0.0,0.0027392128521976857,0.003048571618007777,0.0009472263333279733
2020-01-26,0.0,26,0.0077562739922276,0.0,0.0076697577306293115,0.0,0.0028362322961692707,0.0031893285387735665,0.0008769675959449623
2020-01-27,0.0,27,0.007193343481183616,0.0,0.007359593520073167,0.0,0.0026374412477962834,0.0035985551862298525,0.0008712731226247036
2020-01-28,0.0,28,0.006539310037175656,0.0,0.006913192843533325,0.0,0.0030697505475075154,0.0036082912934541356,0.0009756776065714785
2020-01-29,0.0,29,0.006845965943200229,0.0,0.007523723584017491,0.0,0.0028322598272055416,0.003589856493174019,0.0010092862412908797
2020-01-30,0.0,30,0.006523376050128883,0.0,0.0063032845513744705,0.0,0.0029654637126210735,0.003917867467683556,0.0009883857857068247
2020-01-31,0.0,31,0.006900460088124774,0.0,0.0065070438352075165,0.0,0.0029368215874982077,0.0039109550627090895,0.0009588711579603946
2020-02-01,0.0,32,0.007280812158221574,0.0,0.005840277881009489,0.0,0.0028607099508438792,0.0033086285267838822,0.001019213813634197
2020-02-02,0.0,33,0.007559663825290213,0.0,0.0061132154704941115,0.0,0.00260723619884084,0.003320982487419102,0.0009268577369790153
2020-02-03,0.0,34,0.008134970275513012,0.0,0.006279987497606235,0.0,0.0030124458071155457,0.0033604649058217844,0.0008852571045118245
2020-02-04,0.0,35,0.007474530598953796,0.0,0.005660234636480095,0.0,0.0027915929108286008,0.003921801106164853,0.00087791078255853
2020-02-05,0.0,36,0.006716524468500294,0.0,0.005437673059336186,0.0,0.003184174377845041,0.004207868918067595,0.0009552981479989432
2020-02-06,0.0,37,0.0064527179308474115,0.0,0.005907945602855349,0.0,0.003363668519828089,0.004256842324619589,0.0012781695882986945
2020-02-07,0.0,38,0.0060328223681239655,0.0,0.005149123407379641,0.0,0.003070330206734887,0.004289200296602908,0.0012224177864004573
2020-02-08,0.0,39,0.006175032492244258,0.0,0.005729039501247055,0.0,0.003429248061025485,0.004408859293090614,0.0012691812624458375
2020-02-09,0.0,40,0.006084824763643968,0.0,0.005587251439411368,0.0,0.003556767256268327,0.004321685479954143,0.0013263940826945988
2020-02-10,0.0,41,0.006305180971089784,0.0,0.006166238499065918,0.0,0.0033679630102304227,0.004490465343809839,0.0013262462569227193
2020-02-11,0.0,42,0.005611990040084627,0.0,0.00620380738077427,0.0,0.0034500162878374086,0.004374688727050838,0.0012393212091122844
2020-02-12,0.0,43,0.005937017349893412,0.0,0.0055792271815848105,0.0,0.003616958487709477,0.004267753678424927,0.0012624411654126092
2020-02-13,0.0,44,0.006353039154057051,0.0,0.005075937855681815,0.0,0.0038158222438093095,0.004365459503555623,0.0013866141133144242
2020-02-14,0.0,45,0.005531907263506783,0.0,0.004667905357614288,0.0,0.00416436157844997,0.004560474658406618,0.0014297696392491593
2020-02-15,0.0,46,0.006111904270570329,0.0,0.004390553028311663,0.0,0.00414914015943832,0.004893944899942341,0.0014322314443431265
2020-02-16,0.0,47,0.006398535373125914,0.0,0.005651652825211008,0.0,0.004364957381477192,0.0049843793830585,0.0015821586303577072
2020-02-17,0.0,48,0.006622070972376163,0.0,0.005365609418266827,0.0,0.004503263783356136,0.005167329033894966,0.0017558717185923267
2020-02-18,0.0,49,0.0061053168239380146,0.0,0.0057569001806262,0.0,0.004758341260655061,0.005797793918299737,0.0018027624874600032
2020-02-19,0.0,50,0.007116451197616833,0.0,0.00513043290122734,0.0,0.004787151335753638,0.006546416309898632,0.0018211579859992097
2020-02-20,0.0,51,0.00591786813984015,0.0,0.005121656641313571,0.0,0.0047399689279640465,0.006286215210516324,0.0019205899115727382
2020-02-21,0.0,52,0.005555077681830331,0.0,0.004194547543567817,0.0,0.004929807164684132,0.005313367121499869,0.0019112452215959334
2020-02-22,0.0,53,0.00544129500119523,0.0,0.004023100484740224,0.0,0.004810873237615331,0.005571632643449329,0.0019331123221058744
2020-02-23,0.0,54,0.005466521340760562,0.0,0.0040795981354224175,0.0,0.005152212753555453,0.005829179040146255,0.0019223480203303296
2020-02-24,0.0,55,0.004770317928880899,0.0,0.004223826887279275,0.0,0.005065447541094345,0.005404892041351074,0.0020422416373701547
2020-02-25,0.0,56,0.005583122771715676,0.0,0.004502081607839461,0.0,0.005090385060382998,0.004921840153341297,0.002110416165757804
2020-02-26,0.0,57,0.005855923126003837,0.0,0.003362422536620134,0.0,0.005344586440098773,0.004565979405867233,0.002033357276874106
2020-02-27,0.0,58,0.006384411463087563,0.0,0.0035938877073321903,0.0,0.005188439991457214,0.004501201783964413,0.002114266092496578
2020-02-28,0.0,59,0.006474731974097678,0.0,0.0035625816934474123,0.0,0.004974148450013229,0.0043423081286293325,0.002208941006038105
2019-03-01,0.0,60,0.004513791959437402,0.0,0.0016913385074308848,5.663075333059618e-06,0.005021709316552972,0.004575608896654457,0.0017511622155866181
2020-02-29,0.0,60,0.0015801712473480158,0.0,0.0005914780617266366,0.0,0.0014720990304058171,0.001139812977143381,0.000177887631192128
2019-03-02,0.0,61,0.005352050429839991,0.0,0.0014368844506832048,5.663075333059618e-06,0.005194283963574663,0.004598663524420403,0.0014843852859834602
2019-03-03,0.0,62,0.005355281715554266,0.0,0.0013141909465624166,5.663075333059618e-06,0.005411653616110188,0.00482041707459614,0.0013168362904091419
2019-03-04,0.0,63,0.00510398520156326,0.0,0.0014318370488862072,1.3341208011192297e-05,0.005680854945309592,0.0049490157870521745,0.0011381214674136687
2019-03-05,0.0,64,0.005071993257247201,5.707925454493558e-05,0.0017913239855410152,0.00010662785351086662,0.0059629475526143255,0.0048467469913838265,0.0008346377410000237
2019-03-06,0.0,65,0.004825930214534924,0.0,0.0014721296457367895,0.00014789236871313785,0.005878558581673396,0.005318434664647304,0.0007869657677617074
2019-03-07,0.0,66,0.004711835398926087,0.0,0.0019275072006187163,0.00016356345516903477,0.005730760104959044,0.005675478310276414,0.0007869657677617074
2019-03-08,0.0,67,0.0044743240407220395,0.0,0.0021795330417374395,0.0002015983874052298,0.0057691521780697886,0.005756682660756438,0.0008115838187013783
2019-03-09,0.0,68,0.004599670527158803,0.0,0.001999016047248963,0.00022095435513923655,0.00614124821330707,0.006647450699041183,0.0009346740733997334
2019-03-10,0.0,69,0.004004758698483101,0.0,0.0020411246181904616,0.0002532299506443338,0.0067640493525030106,0.006606689419947077,0.0009730475257105604
2019-03-11,0.0,70,0.004177336662711216,0.0,0.0020572452250444003,0.00038529612538461375,0.006590973140042486,0.006646664001923044,0.0011740579603720523
2019-03-12,0.0,71,0.004101727771919149,0.0,0.0021632902749598266,0.0005310777817624538,0.006782172650379472,0.00618869206395643,0.001029572121798938
2019-03-13,0.0,72,0.0033518884044823408,0.0,0.0021939409520121754,0.0006164446848273372,0.006396059278222118,0.005614931284316252,0.0006846485455481136
2019-03-14,0.0,73,0.00355610376289273,0.0,0.002340782774834983,0.0006160936815600362,0.006515401983630167,0.005301757104591256,0.0006846485455481136
2019-03-15,0.0,74,0.003786576179694971,0.0,0.0021519811328066926,0.0006140752754585586,0.006541657900382429,0.005186334449209801,0.0006568354231272323
2019-03-16,0.0,75,0.003509248097685484,0.0,0.0020061093991117374,0.0006499692899826139,0.006387161707714831,0.00556887855205925,0.0006684453513915345
2019-03-17,0.0,76,0.003482328412650208,0.0,0.0019445439962688556,0.0006874303624987936,0.00657165541089265,0.005804496211249109,0.0008368189903834606
2019-03-18,0.0,77,0.0032778246855596797,0.0,0.0017881844111113329,0.0008114897898418307,0.006847982508412476,0.005556802239824008,0.0009058038471720634
2019-03-19,0.0,78,0.0035271526802748594,0.0,0.0019145200617130978,0.0009621347815030295,0.006487277092630003,0.0050336409116536664,0.000858939997487577
2019-03-20,0.0,79,0.0033372202582578926,0.0,0.0010231097617123368,0.001076860132909436,0.006554400171692091,0.004535521530262184,0.0008705499257518792
2019-03-21,0.0,80,0.0031875412482490315,0.0,0.0007402242638704046,0.00116763738551474,0.006673810367829967,0.004036910899968268,0.0009703530851718443
2019-03-22,0.0,81,0.0027324797582287436,0.0,0.0009894403905375902,0.0011592236522578998,0.007049408762226438,0.004007179333642648,0.000969967913442066
2019-03-23,0.0,82,0.0027715993491306654,0.0,0.001095339780469417,0.0011061602041760382,0.00653372918443841,0.004220316732734588,0.0009560753476624469
2019-03-24,0.0,83,0.002801440338687868,0.0,0.0013053767449279963,0.001155900197783166,0.006284398672985175,0.004446330277663093,0.0008782524931052178
2019-03-25,0.0,84,0.002813910751158742,0.0,0.0012965821103307399,0.001257150827471066,0.005639831747981202,0.004192573774824178,0.0008273681276783094
2019-03-26,0.0,85,0.0028985466144806253,0.0,0.0013040889869382038,0.0013524361268261863,0.005945064340794499,0.004214380974338356,0.0008733928775652235
2019-03-27,0.0,86,0.002508338635129142,0.0,0.0013653962978453142,0.0015873426495805652,0.005871087612078274,0.004585946471783924,0.0010324651929386375
2019-03-28,0.0,87,0.0024094758964601716,0.0,0.0012528487326527978,0.0018650537101624395,0.006034965089415095,0.004110036311073634,0.0009886718353531929
2019-03-29,1.5233896486054223e-05,88,0.0026024828282897065,0.0,0.0017829727689237934,0.0020914463202689076,0.005313245609534784,0.003894928748607379,0.00103112809445876
2019-03-30,3.7471803012320065e-05,89,0.0026530326188030097,0.0,0.0012468504450497094,0.0024596353672428116,0.005242895075777962,0.0035882033859242213,0.001042448750255651
2019-03-31,7.182304080796045e-05,90,0.0027891247722747173,0.0,0.00106919751901742,0.0027819530845976746,0.005451056096325309,0.0034164850240844353,0.001097863145329906
2019-04-01,0.0002722245069918493,91,0.002906494995626975,1.1463058859941476e-05,0.0010212486855364713,0.00309589762468174,0.005055080575833546,0.0033985893455257114,0.0010576108384573197
2019-04-02,0.0003858823469389771,92,0.002949201637978009,7.948124692342965e-05,0.0011020084508439655,0.003540564872202363,0.004992420806692189,0.003342853215469123,0.0010714086059790883
2019-04-03,0.0005117263935047216,93,0.0028216235121300824,1.4402124601421195e-05,0.0018677925153004426,0.00400196716171996,0.005153127798783907,0.0033444742597642514,0.0011741879093639049
2019-04-04,0.0006713113580961225,94,0.003020917902552207,0.000210055656078784,0.001798096005793394,0.004045085433897689,0.004870028735983063,0.0033812471170636188,0.0010949709374292915
2019-04-05,0.0007336551099676315,95,0.0028340423473926777,0.00024791268959934647,0.001826962344213935,0.00428375396401835,0.005413510102860583,0.0033606426913069276,0.0011766679411567126
2019-04-06,0.0009473106991766473,96,0.0031378176424514833,0.0004317946087427369,0.0017670714839221572,0.004604901180205532,0.0050562397456862095,0.0033351882532681554,0.00114865837679199
2019-04-07,0.0010484443942822856,97,0.003556480329645023,0.000647645450818112,0.0016835465741857865,0.004710060975787126,0.0046766029487301155,0.0031435775262546664,0.0012015599971818439
2019-04-08,0.001129929347432312,98,0.003315841830552233,0.0005452417530899185,0.0016283992815589088,0.0046616235342438975,0.00485475385182813,0.0035004923425705063,0.0011262176377549594
2019-04-09,0.0012252213504523489,99,0.0038588897141010447,0.0007713123856238984,0.0018858301805647244,0.0046867554899701685,0.004581517589683273,0.0035788622535589134,0.0011855122023831813
2019-04-10,0.0013996242374425352,100,0.0031177403141197965,0.0013130590940729748,0.0020857390588218047,0.004508357159653058,0.004308370781141691,0.0038243238499346952,0.0011785888357579266
2019-04-11,0.0015459846501854196,101,0.00399678341454347,0.0005629017404176728,0.0020953307748724573,0.00420191617446825,0.004499597973620804,0.00380846346687317,0.0012013484390625362
2019-04-12,0.0017013646815387908,102,0.0035965144285056263,0.0004537448953917606,0.00248991792186459,0.0037512647986483153,0.003930413365507748,0.003616299992862759,0.001163746988166884
2019-04-13,0.00182902669536145,103,0.0030056428483625545,0.0008112636457788386,0.0028011030780212085,0.003299972500720854,0.003640256500100588,0.003560721004776447,0.0011950892437240196
2019-04-14,0.002016665208500796,104,0.0037551012688580958,0.0008888282217508229,0.0018043378775820524,0.0030762218498671255,0.003824531654587367,0.0034579767606029823,0.0011883116559995243
2019-04-15,0.0022072265166573073,105,0.002998982864186735,0.0011413282679244275,0.002401613867254134,0.0029379551137930365,0.0036606571853740485,0.0034522550199991646,0.0015595414563559368
2019-04-16,0.0023173122427972985,106,0.0034067722271340505,0.001445706957965755,0.0019915768029834776,0.002734556576082886,0.00374960642832578,0.003078021111974075,0.0014484898618223531
2019-04-17,0.0024658831369026315,107,0.0029000884188559216,0.001448496031353336,0.0019548228545540262,0.0023135588573008413,0.0036778737861180373,0.002960093976782907,0.0014077641761792085
2019-04-18,0.002527082000504253,108,0.002587060466899942,0.0012475560560678187,0.00204659276486057,0.0020374705081729295,0.003600391966584221,0.0030804203402070678,0.0012791008040242884
2019-04-19,0.002653921302452939,109,0.002878437282807977,0.0010026151976802813,0.0021586067325393326,0.0018081646287709551,0.003978430189911631,0.0033933628752456234,0.0012483342079391592
2019-04-20,0.0027812587737043623,110,0.002608268106810357,0.0010938114458699942,0.0019062569528831529,0.0017245809403043013,0.003910256741811572,0.0028131727798875704,0.0014406117533618283
2019-04-21,0.002950245175104182,111,0.0024404684030483684,0.0013166238089437382,0.0022868651521707572,0.0015425078035839902,0.003406988077160611,0.0027304555290439403,0.0017161587443593205
2019-04-22,0.00302749112559796,112,0.0019227029145831328,0.0012701484035715185,0.002255130384504271,0.001447152431309318,0.0033016047074384356,0.0029014920934316577,0.0017374878650186255
2019-04-23,0.00310786313904189,113,0.0022693382043626298,0.001059465322380727,0.0022909753126453274,0.0015469477286200975,0.0032334582216120623,0.002862870002671861,0.0017095380283710842
2019-04-24,0.0031600685758361104,114,0.0019126505222215298,0.0010816849469348043,0.002721933582138435,0.001545968586355637,0.0031363471258083883,0.0028113214353581843,0.0018023748015035495
2019-04-25,0.003240677527650254,115,0.0024156316589007483,0.0010639342631507277,0.00262282187175293,0.001586631859679622,0.0029741918886063605,0.002535459453799889,0.0018489842037019326
2019-04-26,0.003380430596604109,116,0.002322445447957991,0.0013839681535045354,0.0023079157149644633,0.0017301044313244836,0.0028983678426067272,0.002601077127194466,0.0018562294989306833
2019-04-27,0.0034510335081847253,117,0.0018302780702239496,0.0013590236589959234,0.002204624431553463,0.0020021302650312417,0.003144955189709906,0.002527558335871148,0.0017996614810225488
2019-04-28,0.003608100086723588,118,0.0024095852732891744,0.0015323878251993894,0.0026298775985239766,0.0022141481908144857,0.0027218392219974775,0.00257778643943747,0.0018290144021538553
2019-04-29,0.0037116014713886427,119,0.002855078794132622,0.0017331913384712604,0.0028030509197706564,0.0022373585707847667,0.002821352236953859,0.002513172810558332,0.0017832294499598995
2019-04-30,0.0038533331718768726,120,0.003010262307884071,0.0023132412523703613,0.002763393130874163,0.0023861100476356956,0.002691622897046905,0.0022990944154571446,0.001803048666699296
2019-05-01,0.004012724241744873,121,0.00305157502319113,0.002367804918546255,0.003069299848837866,0.002486273915897071,0.002585143159900386,0.0025919876640529606,0.0017192256893416103
2019-05-02,0.004138254472490581,122,0.00284570791676203,0.0025456478059963238,0.0031492113780556097,0.002678525281038365,0.0028038103619909384,0.00284419626504831,0.0017800396902822074
2019-05-03,0.0042322154102109695,123,0.00278088044439865,0.002537881874889786,0.0031818487928483067,0.0029524700110779723,0.002825696986412858,0.002684595346921259,0.001708865443104157
2019-05-04,0.00435323307157258,124,0.002753582369393236,0.00300536165320031,0.0028305409389418183,0.002891469892645133,0.0031184360511715267,0.002477722430110484,0.0018389688556645122
2019-05-05,0.004463845681447089,125,0.002355923332618526,0.002965634374806272,0.0028559127325203533,0.0030048924992071846,0.0031908360733256045,0.0024222768380797507,0.0016884495847537125
2019-05-06,0.004555323591322514,126,0.00274853449972358,0.002871282379694523,0.0028006307378557155,0.0030350819631470836,0.003240831840817573,0.0022813204824714104,0.0014237011249253696
2019-05-07,0.00462209413254232,127,0.00229211389262143,0.0028179369501198925,0.0028545962216365646,0.003038406367891253,0.00288318229948436,0.0022687116535938566,0.001358102542805135
2019-05-08,0.004740963541373613,128,0.0027868419953453183,0.003028656779943893,0.002939628267693041,0.0030914955196984983,0.003050510636549973,0.002354392025361403,0.0011807152807268271
2019-05-09,0.004820508145830279,129,0.0029181399782458243,0.0034683276050568074,0.003085155865431405,0.0029517003657615845,0.0031649673434884077,0.0023407416939042044,0.0011423064273898336
2019-05-10,0.004912684235058626,130,0.0033432388982450887,0.004004146711895371,0.003594789281527257,0.0031595095040370356,0.003070029155399121,0.002288803299903465,0.0013466932134840069
2019-05-11,0.004958531511256886,131,0.003782598729686482,0.004161414341588512,0.0037397388683043428,0.003359956486255505,0.0031213692083932407,0.0022304655348958733,0.0013660973765704095
2019-05-12,0.0050234092967617,132,0.0031278706432095417,0.004618439861918469,0.003840827441324866,0.0035119312507429098,0.0033153708268850706,0.002088394891022829,0.0015709707987297584
2019-05-13,0.005101207687491231,133,0.0029775142374515963,0.004861808137272876,0.0033470877682955577,0.0037151033579457607,0.0031839486259881847,0.001955512432624694,0.0015563835857204539
2019-05-14,0.005201784492358422,134,0.0030476478454810087,0.005095133629303948,0.003594372334623426,0.004079816683018294,0.003149674497157247,0.0021002555524099035,0.0015650570813646044
2019-05-15,0.0051906391199505455,135,0.0040380498659982654,0.00528320215142663,0.003716784117937686,0.004179309369511058,0.0032625166427972235,0.002104791322379613,0.001195548073358431
2019-05-16,0.005225657096193978,136,0.00474023855605731,0.005262073142544555,0.003465311460077964,0.004086500315402433,0.0031431556319161226,0.0022062812188223873,0.0012042847320280687
2019-05-17,0.005266873588884527,137,0.0037737183288641877,0.005681107986928022,0.003822255857235157,0.0040833515842070055,0.003146776348750201,0.002439339769961959,0.0013919294258332643
2019-05-18,0.005251235960634305,138,0.0035426240495686303,0.005596636967890522,0.0035499474818370042,0.0043103334107283805,0.0033329866779758426,0.0029377543952205936,0.0012570306663393495
2019-05-19,0.00529840453274706,139,0.003506260011042728,0.005383574566126826,0.00382442416327113,0.004443888948503661,0.0031652572221356253,0.0026705120963906063,0.0012704539588350274
2019-05-20,0.005313342151230146,140,0.0042953718239512745,0.005503934193573081,0.004042552362860197,0.004304225776977011,0.00306511106650067,0.0027984724727310208,0.0012047175048843113
2019-05-21,0.005332711428475363,141,0.004399249338834979,0.0055181930251285245,0.004010446744001075,0.004376289060966443,0.0035286333978363114,0.002664274021581047,0.0012435538404984296
2019-05-22,0.005290750580308664,142,0.003790126592024202,0.0056242809139209066,0.00400669280166773,0.004364522979178589,0.003309084232738849,0.0025329522253887157,0.001282281326805397
2019-05-23,0.005348216508494867,143,0.00402615410604411,0.005710583357713064,0.004137620704188201,0.004261415726772165,0.00361485473236886,0.002567221528997145,0.0014381746088839033
2019-05-24,0.005370178667625877,144,0.003878111865512448,0.005715141434582902,0.0036833876965517904,0.004397821389045339,0.0037869029258947675,0.0025497640075802025,0.0018941400834303816
2019-05-25,0.005400755189097417,145,0.004042952068363712,0.005820120856846146,0.0036900246502689165,0.0045863976087626305,0.0034830001585823183,0.0025450628050164258,0.002132867512488557
2019-05-26,0.0054385594548036625,146,0.004589574652187955,0.005845406806998652,0.00406034519586935,0.004418303281210906,0.003466280708155873,0.0027671300573862798,0.0022247683108606725
2019-05-27,0.005497950253178164,147,0.003989036111514839,0.005946796328583427,0.003764730870568582,0.004308617761854315,0.0034479723417147005,0.0028772302223717084,0.0024230386952745443
2019-05-28,0.005443730510800234,148,0.004274190805221197,0.005914463325618408,0.00408910019790653,0.0042767758498969185,0.00342622223248719,0.0027221849569313123,0.002272458240371515
2019-05-29,0.0054163341181876525,149,0.004509682520602546,0.005862994414597735,0.004063550685218766,0.004511487304659262,0.003121659815675732,0.0027223012201055,0.0023578409456740082
2019-05-30,0.00542727910150755,150,0.0037296430154268334,0.0058763186035503635,0.003660098962447514,0.004996491197742124,0.0032815379493659493,0.0027355733731866927,0.002372484136844767
2019-05-31,0.005485880244135886,151,0.0032935378599969413,0.005767192325832317,0.0035461265909201003,0.005555057254929686,0.0031063887184193993,0.0025269035944793725,0.002358422293787342
2019-06-01,0.005536906340536867,152,0.00390092108331975,0.006115265018715741,0.003575138356305693,0.005911826105097981,0.0029555564848083456,0.0024236830285567614,0.0023890939008284397
2019-06-02,0.005550728556996694,153,0.005523817974142537,0.0061303942799612295,0.003984981916389505,0.005967490060024553,0.003356251587623161,0.0024013036750896105,0.00206173188304768
2019-06-03,0.005566785843306853,154,0.005956833108836465,0.006270168121244921,0.00424473077602827,0.005846559117072877,0.0033503977276480453,0.002490041524118294,0.0021150872682416887
2019-06-04,0.005625109148792498,155,0.006176689507853818,0.006127270034256637,0.004477312263894102,0.005794347715183799,0.0033057420328625044,0.002442602975270428,0.0022264863010299247
2019-06-05,0.005548316723125081,156,0.006549291572964296,0.0056731333877277175,0.004970239069653225,0.005722764951203726,0.0030030254206291998,0.0023220467954638076,0.002596040534217144
2019-06-06,0.00560524379246443,157,0.006419864574489754,0.005758272727080973,0.004232576386948209,0.005615036041901528,0.0032094993547008436,0.002427780015181086,0.0024590451042565847
2019-06-07,0.0056075521323020955,158,0.006190078127389246,0.005772193136711151,0.00522567711694658,0.005519739645511321,0.0034131232728372,0.0022250999867086015,0.0022127358976864863
2019-06-08,0.005565822611994698,159,0.006827787639930463,0.0056149426819894705,0.005507011800907046,0.005962550644298943,0.0030407044469360975,0.002229610213122042,0.002341723657930232
2019-06-09,0.005625545440400411,160,0.0058581487662853335,0.0056837156222233785,0.005765190695758525,0.006460037814695848,0.0035452907736669053,0.002108402761755668,0.0025115003243212104
2019-06-10,0.00566694546519319,161,0.00557616476737577,0.0061470842845025055,0.0055379214002530186,0.007132684356140313,0.003503278766520912,0.002037188139877642,0.0026771003702817453
2019-06-11,0.005709221234849184,162,0.006430701676809531,0.0060975278462915465,0.005955499394323808,0.007930185689899743,0.003503069506792879,0.0021330626080514237,0.0025997119565600423
2019-06-12,0.005779861407212435,163,0.006230024101121209,0.005948608942792607,0.005884987407825459,0.008147145587257543,0.0035415565728648124,0.0019947599806770066,0.0027860392676398327
2019-06-13,0.005885848316035288,164,0.005766041528601493,0.006346370875899929,0.006617899477568701,0.008740624330863318,0.00346690451318578,0.0021445912310267606,0.0028989081892316086
2019-06-14,0.005896841141083538,165,0.005908548146148089,0.0067975544064613645,0.00616609324717605,0.009342366294879858,0.003335113114398454,0.0019372313413622262,0.003067399118785057
2019-06-15,0.0060028838967559435,166,0.0052197251334504405,0.007047090373889705,0.0064950976208674235,0.009209483005470344,0.003283512103930754,0.0019802801828071605,0.003189276418257814
2019-06-16,0.006081537862923723,167,0.005300738970833278,0.006975831992586215,0.006600569884271374,0.00967028999907618,0.003106589150624041,0.0017422136478024617,0.003147055336672909
2019-06-17,0.006150576135577558,168,0.005984460311889786,0.007434388875864358,0.006120257154353691,0.010164733593771728,0.0032379961478654303,0.0017519919580256192,0.0031282756519677656
2019-06-18,0.006175287226890636,169,0.0054436261183517685,0.007418298634570625,0.006126316952510049,0.010549228763484093,0.0030577883801712396,0.0018252076602770953,0.00359879292331583
2019-06-19,0.0062490981356215745,170,0.0053964969535722504,0.007180436559252669,0.005966703171312456,0.010597558651818568,0.002726152433201787,0.001908897439556031,0.0036813839708467
2019-06-20,0.006325832205636164,171,0.005788626823623785,0.007250833950948739,0.006549108357595821,0.010203404772826337,0.002628593372343783,0.0017781122384547979,0.0036408034260709482
2019-06-21,0.00633846683614184,172,0.005504630340343109,0.0074720841459713465,0.006572225632031645,0.009960168067756875,0.002657792521044813,0.0017034571727612248,0.0035253057556383074
2019-06-22,0.00638672129201985,173,0.0061459783274206235,0.00784154240843558,0.006441143441935285,0.01025839993486602,0.002730102618761183,0.001540057343754779,0.003386115091718237
2019-06-23,0.006470644177460197,174,0.006210777453045105,0.007763118419456976,0.006451185263366944,0.010365796406740289,0.0024970158228950854,0.001541987122399384,0.003386115091718237
2019-06-24,0.006528160754798282,175,0.005974076167135171,0.007794896854040137,0.0069345080407937345,0.010288875555693208,0.0025554433636118114,0.00153807109603088,0.0035257461280101096
2019-06-25,0.006631975864149633,176,0.005212507091318454,0.00788294360192186,0.007471296325057047,0.010220996126166735,0.0024360940355030673,0.001629256304274457,0.003804018613518443
2019-06-26,0.0067638599986831315,177,0.0052907917923609455,0.00784771121709495,0.006838605219252743,0.01065736031124665,0.002754288672869442,0.0017115120121215057,0.003911085846953335
2019-06-27,0.006758480368611594,178,0.005057524783368394,0.00792963611521558,0.0071437688705983686,0.010679761277144501,0.002121806059032063,0.0017267221562167628,0.0039221473979799215
2019-06-28,0.006732878856843885,179,0.004949196888190208,0.008300738071502415,0.007242315852658079,0.010580358114078288,0.0020725092710629717,0.0015905210600281375,0.004026853234069522
2019-06-29,0.006747849358875621,180,0.005344127883713056,0.008273348431291018,0.007242952908710734,0.010532210516169364,0.0021401586222893404,0.001653850307690722,0.004081895502644567
2019-06-30,0.006736811040105858,181,0.006214340668653381,0.008120575666543634,0.007912132209491562,0.010323003610001422,0.0020933221988596014,0.0016640992641799792,0.004026254699715039
2019-07-01,0.00662637525615361,182,0.006023573300550694,0.008289777550431789,0.007860209126153865,0.010207924839989226,0.0021506070248797217,0.0017148950495048496,0.003998539400728623
2019-07-02,0.00677332593973441,183,0.0056700727798476205,0.008779250890678237,0.007822316167721926,0.010327007761971188,0.002265029795786548,0.0017719753337004768,0.004023105715200971
2019-07-03,0.006816492371211016,184,0.005454814171107942,0.009240633655758218,0.008085635367433985,0.010034371182069676,0.00213615637302213,0.0016640720908834951,0.004092052835869648
2019-07-04,0.006785583389264218,185,0.005085848973033588,0.009616790514027848,0.008049501626827169,0.009639806777215489,0.0018874074219965436,0.001583841340524942,0.004079732214294262
2019-07-05,0.006826417740594958,186,0.005901563664207049,0.009689029860201705,0.0073944985435834875,0.009108821270167915,0.001868121592531262,0.0015048499227265516,0.004065989346994789
2019-07-06,0.006855339730828058,187,0.005510472715667627,0.009902316218774746,0.007596249444232365,0.00900128116131041,0.002021976722083054,0.001458900185688957,0.00410158179883614
2019-07-07,0.0069058917454116065,188,0.005324724797244815,0.010042790924500148,0.008231436413785738,0.009229964786768546,0.0021569356747435584,0.0013472518899816169,0.004311589881993021
2019-07-08,0.006990817813320622,189,0.004888577119991891,0.01016275090877518,0.008289263546076713,0.009947387456361634,0.002305952033540721,0.0012768282026233806,0.0043103860097599275
2019-07-09,0.0070265563678046225,190,0.004161761630880768,0.010128733249290532,0.008689550872926916,0.009847422594929198,0.0021221074329893517,0.0012197639959392794,0.004381473332869935
2019-07-10,0.007110957377209924,191,0.004364892627851214,0.010310707740111775,0.008942677173090635,0.00967008393664791,0.0022307325195176954,0.0011647178160554337,0.004451701619201921
2019-07-11,0.007134567513960608,192,0.004658427102711925,0.009832048478576882,0.007995087232220597,0.009562069730262033,0.0022004248697182864,0.001161374539555659,0.004443983665897416
2019-07-12,0.0071055701858171345,193,0.004389832553643317,0.00943210614109414,0.008225961135591,0.009651495394114742,0.002120759996782691,0.0011087242105010488,0.004513491681742202
2019-07-13,0.007104090543189696,194,0.004497215420983871,0.009571892089386302,0.007615135197298442,0.009613854065282645,0.0022074691404089506,0.0011674867029097605,0.004672257864642779
2019-07-14,0.007107230081667635,195,0.004983194594880142,0.009345582309253558,0.007316315041858386,0.009519244479908604,0.001866062879216291,0.0011197763886633255,0.004372220716474956
2019-07-15,0.00710756253500527,196,0.00461065384062251,0.008970728717622464,0.007021984620103127,0.009482151110892505,0.0016601687300604718,0.0011485287672105267,0.004470543800064795
2019-07-16,0.0070794978149741426,197,0.0046465536825746985,0.008756540586294138,0.007581047087293205,0.009115767068631729,0.0017941315909539741,0.0011478485515455023,0.004857684163806645
2019-07-17,0.007033889521185904,198,0.004098398024866853,0.008660221826747388,0.007483190172173635,0.00878094463007801,0.002038838622319041,0.0012387160579811866,0.0048804765718550415
2019-07-18,0.0069754689871774165,199,0.004168444671649636,0.008482142440266295,0.007273712448545288,0.00824395517518976,0.002026584707900428,0.001491746703055566,0.004778556549548995
2019-07-19,0.006926653335977176,200,0.0036137120858816744,0.00862809588714246,0.007057639340433821,0.007832842262980512,0.0020171480523949094,0.0015675969950128294,0.004779969208550077
2019-07-20,0.006897382229302562,201,0.004398628802393952,0.00871155212531202,0.007217061823816698,0.007730755570556235,0.002045172563745234,0.0016277993837165404,0.004738992437000883
2019-07-21,0.006856974484048132,202,0.0043662096877845015,0.008790529839131558,0.007324578568856391,0.007722698815225589,0.0019453701771081514,0.0016531847038986462,0.004746318390016959
2019-07-22,0.006803731049019501,203,0.004547924068021701,0.00881458349337514,0.0067306853956313065,0.007613536637245358,0.0020328023782780293,0.0015662079566071169,0.004392222032244056
2019-07-23,0.006794542256982462,204,0.004310437072196263,0.00943843366468338,0.007097783065582987,0.00738026625035319,0.0021976275919202218,0.0015135118468580615,0.004262074517842368
2019-07-24,0.006820427872070356,205,0.004524677807900404,0.009514206614545155,0.006392258259678484,0.007199506626701092,0.0022763696370203877,0.0015838538093184023,0.004580208651873992
2019-07-25,0.00681822408505786,206,0.0044712353115439,0.009367693600051524,0.005742300143312272,0.007016927362462458,0.0022859032406008263,0.001622353508705813,0.00451773320854655
2019-07-26,0.006835931971711176,207,0.004327099451182072,0.009059937959869417,0.006117889742165325,0.006888375666917616,0.002054878107209411,0.0015890365771078763,0.004746912034517534
2019-07-27,0.00684476178874811,208,0.0046601958028851115,0.00922614023698161,0.005646545794111853,0.006742944027927208,0.002052922048024981,0.0015461368189095,0.004487913833136712
2019-07-28,0.0068380277252146964,209,0.0048938612525194,0.009066728410237927,0.0061084040234151635,0.006619408455507026,0.0022297928493912916,0.0015392984107544863,0.003999670541498352
2019-07-29,0.006819007213334955,210,0.004048634795055602,0.009128374650988725,0.005914582897318209,0.0065376875809679425,0.001945715957736164,0.001508136416575178,0.0039835271964079695
2019-07-30,0.006801665536888268,211,0.004387299759453903,0.009346057307467919,0.005908206285537487,0.006335648240657296,0.0022259591567504304,0.0016476417200200202,0.003958512719539859
2019-07-31,0.006812696351691827,212,0.005070447754748994,0.008960703135981591,0.005665394971970533,0.006229463203800114,0.002148498432519337,0.0015744085521248573,0.003718441008223155
2019-08-01,0.006806929043912128,213,0.004151154023872924,0.008666303678751664,0.005931568263664406,0.006319179578996426,0.002077347409284043,0.0015913356428436365,0.0038752231650009774
2019-08-02,0.006777847399014229,214,0.003835463058851697,0.008577921554429317,0.005810509151413903,0.006131258295063937,0.0020997215854397476,0.0015628758287624714,0.004135187461006914
2019-08-03,0.006781487879676446,215,0.004387426133359216,0.008202670423369455,0.005782634078261474,0.006042909911139196,0.002287644941483612,0.0015913987243450997,0.004145514934652242
2019-08-04,0.006761529386552496,216,0.004757021180482496,0.008108571275730546,0.00532551968729982,0.006196259641657185,0.0019123450859307944,0.0016076152766216136,0.004343800990004841
2019-08-05,0.00669305796684777,217,0.004280409644317765,0.008146184653148867,0.004936414995751752,0.006200785246233471,0.0018331454156168085,0.001746337674801785,0.004326673703805468
2019-08-06,0.0066737371305868095,218,0.003581010168505071,0.008077385248203625,0.00515839083008152,0.0055320549811011446,0.0020211928463921254,0.0016325246040004827,0.004241675291156811
2019-08-07,0.006601385757897096,219,0.004155439033531237,0.0082209745768232,0.005603629266606793,0.005343224497884469,0.0021498802323639933,0.0015355285099457536,0.0044419693572849105
2019-08-08,0.00660976715613954,220,0.004400789435628671,0.00784886840694429,0.005608969519784599,0.005198067320552489,0.002106041838058771,0.001628859301214215,0.004388514130411483
2019-08-09,0.006540231915333189,221,0.004003352471376242,0.007358442272716756,0.005402728064869699,0.005021695946421617,0.0019054927942209765,0.001692252125049932,0.004404541766959987
2019-08-10,0.006523008486487177,222,0.0038989933319611516,0.00752890477077359,0.005348224651384139,0.005003470531849451,0.0019327292373777182,0.001825684176217826,0.004526967006558773
2019-08-11,0.006474976170486949,223,0.0036737651694430016,0.007637840370320415,0.005079568464522652,0.004973165241707692,0.0020858683732149393,0.0018208034129636227,0.00483911338359725
2019-08-12,0.0065157794770911125,224,0.0039040687815478574,0.007462572603264712,0.005198069763401067,0.005017781819862477,0.002134962817749112,0.0017883596205375807,0.0046375082355021606
2019-08-13,0.006496899994832078,225,0.004679796195094768,0.007151699243735618,0.004870875106165171,0.005173701738186133,0.002119212442065114,0.001747423491127366,0.004611419033740747
2019-08-14,0.006463002801752429,226,0.003756411030275346,0.007439148196146998,0.004489284733125449,0.0053705161497743506,0.00206851829850521,0.001727532767122959,0.004543364274546915
2019-08-15,0.006410983809239116,227,0.004380959186842124,0.0073938775905168525,0.0048918959584866315,0.005364948051953445,0.0020837079953728082,0.0015616055296955012,0.004323268895782089
2019-08-16,0.006374590101505189,228,0.00478293638714126,0.007645300455443449,0.005113455093264835,0.00526202439676339,0.0018076850139311018,0.0015289452258962538,0.004283161239500627
2019-08-17,0.006404486166963317,229,0.0044323614121216885,0.007935010523802091,0.004884803843729944,0.0053201465953958615,0.0020887842284689254,0.0018792916892955583,0.004390571018884735
2019-08-18,0.006380629705147292,230,0.004841994244920161,0.007948790304100888,0.004739132531196931,0.00551538000231441,0.001907018677060471,0.0018754557772925253,0.00441364245579329
2019-08-19,0.006364530272251739,231,0.0049574815049475435,0.007962292736671088,0.0047653382266153775,0.005487765061271479,0.001939239432482961,0.0017641880775354404,0.004809900491450289
2019-08-20,0.0063683621629080246,232,0.0048345794049498405,0.007688700994852013,0.004163692105757276,0.005236727974367905,0.001958246740672366,0.0017431437294509473,0.004812073803666128
2019-08-21,0.006350525090328176,233,0.004548759699909752,0.007657140317882772,0.004691581465159425,0.005258963469486306,0.002216087331095346,0.0018227770091358625,0.004689453622077124
2019-08-22,0.006292628009903288,234,0.005049252673306405,0.007588988311601759,0.004967966775442608,0.005181509924441063,0.002364617921091146,0.001841148146929765,0.00478034191624629
2019-08-23,0.006212035848104328,235,0.005211599948817972,0.007658511085249249,0.005099731963502596,0.005228637906512377,0.0022529200201012504,0.0018487311251377068,0.004758846091252497
2019-08-24,0.006166345201819594,236,0.004911209873496499,0.0071890500188365675,0.0053363828354241775,0.005247382292542137,0.0023166396598268664,0.002018646492524679,0.0045031690799490695
2019-08-25,0.006143027623125053,237,0.005044743635386681,0.007030751755539678,0.0052755303519608585,0.005044427072564718,0.0023288212922509912,0.00223591236272939,0.004462393518653981
2019-08-26,0.006109866241356617,238,0.004891403068603537,0.006920960070135028,0.004555238581650016,0.0050158867709756165,0.002317346904681119,0.002300569869187811,0.0045353021341412595
2019-08-27,0.0060150237631436815,239,0.005128459950191478,0.006645485692017057,0.004958713212219886,0.004949379838768778,0.0023295488331025256,0.002326585873127573,0.004483541363990736
2019-08-28,0.006024827694235983,240,0.005464816970614526,0.006720421514947165,0.004980172549137154,0.004851865147434587,0.0023596656560707467,0.002390455013257335,0.004429417698125413
2019-08-29,0.006037299833624207,241,0.005887582853088169,0.00648284767528586,0.004757328092745358,0.004734755280587108,0.002090368671934745,0.0023055083927114124,0.0043931490486709595
2019-08-30,0.006010227706337248,242,0.005365726747386527,0.006211994302632032,0.004960152300459,0.004813044772410547,0.0021163239642332287,0.002005138086507787,0.004690974919781934
2019-08-31,0.006007473014533301,243,0.0048920360539261255,0.006159910654671338,0.004884131047910403,0.0049089326160638,0.0024307596319189675,0.001958009342133852,0.004585261869159201
2019-09-01,0.005922963515860115,244,0.004818185121786983,0.0060137161844067335,0.004816215231830217,0.0045544364972800715,0.002417533518234263,0.002044257822957733,0.004531084587671855
2019-09-02,0.005848966717549584,245,0.0052691183866385004,0.005920228377763812,0.004827325229798574,0.004542599097265548,0.0023763136622523984,0.0020832744946377487,0.004607036258956872
2019-09-03,0.005773062193386671,246,0.005104235288290039,0.0057651297754997555,0.004938039180687861,0.004132914004595997,0.002337719338815136,0.0020705272691812814,0.004637707727367383
2019-09-04,0.005729779317036588,247,0.0045514019849021035,0.005233917393934849,0.005064903833615767,0.0036480950153163763,0.0022404520970843666,0.0021765201393791544,0.004749775740543867
2019-09-05,0.0056733858984678726,248,0.004690772273170344,0.00498837716585866,0.005197598196227592,0.0033737455186743023,0.002093635842381539,0.002314514319199369,0.004647526124223985
2019-09-06,0.005620885862479821,249,0.004646991385448383,0.004932874878226694,0.004832539637674876,0.003171792569384248,0.0022850149545029967,0.0021102929143531723,0.004721644835392011
2019-09-07,0.005573326681799083,250,0.004571361806486917,0.00455042373378686,0.004537230046628044,0.0030240588454599994,0.002275190746353517,0.002372693586166848,0.004858159976734171
2019-09-08,0.005472751210596694,251,0.004491536351042401,0.004166765033806546,0.004030335564508678,0.002640704929839235,0.0022771513989967916,0.0024086945989671973,0.004935399935338692
2019-09-09,0.005387556146138362,252,0.004556639953964805,0.004054141536600245,0.0043783882594854795,0.002376610086898718,0.002092404356948958,0.002525284965479381,0.005320093148978983
2019-09-10,0.005274804939763536,253,0.004019773213297953,0.003980430159146949,0.004058279117751734,0.002245708510327914,0.0023107668269451926,0.0024680723350187306,0.005377786403437532
2019-09-11,0.00521732971072886,254,0.004040489407334427,0.0038354037104010863,0.004365169620140895,0.00200447365263116,0.0022235654899713567,0.00245408539857938,0.005410460786778791
2019-09-12,0.005140256521220366,255,0.004365047528357471,0.003931028604995915,0.003964552664073566,0.0016451306699669008,0.0020261272736140953,0.002619484624322797,0.005051653722052411
2019-09-13,0.005044304360275756,256,0.00452851723613669,0.0037333542708669716,0.004599378195325334,0.0013610231414339462,0.002145161068670103,0.0027279384764309763,0.00527736346064603
2019-09-14,0.004893500500366681,257,0.0035690234628589276,0.0034509132515644207,0.004481111407048086,0.000915170264975797,0.0020066802419363896,0.0028011379693259424,0.005239759617308981
2019-09-15,0.0047878564243644724,258,0.003833660057302322,0.0028647264938029483,0.00430674934360865,0.0007759702957021022,0.001784194828143113,0.0028059644334314376,0.005326453615427408
2019-09-16,0.0046710829664280435,259,0.0033993866556352027,0.002983161316565434,0.004138003643516804,0.0006963737972825898,0.0018073292630062176,0.002745891480763797,0.005574099449837094
2019-09-17,0.004532825819970725,260,0.0034903899772273147,0.0025920328404772383,0.0036443170701900736,0.0005300642809262151,0.0017960530829479939,0.0031887489307061965,0.005548197158450032
2019-09-18,0.004436472273587162,261,0.003939439863698031,0.0020920864602350557,0.0043275946360401465,0.00046390758826604146,0.0018625358878016978,0.0033349465008505772,0.005586340095736506
2019-09-19,0.004325376886659184,262,0.003519954444142451,0.0016935382985512127,0.0044114493488222415,0.00037032070285750976,0.001561793818196694,0.003199935236183605,0.0054450874765929365
2019-09-20,0.004210260506329852,263,0.0033316506896951406,0.0016249203386160536,0.003922488196319384,0.0003792527585801809,0.0014870995437036953,0.0031666318521904454,0.005582135275145529
2019-09-21,0.004149059246336717,264,0.004098918536105483,0.0014375433780817084,0.004046823613089461,0.0003651727078641727,0.0014495219019780828,0.0030614935794124557,0.005680202423387655
2019-09-22,0.004051767015411844,265,0.0037771355174751,0.001472588047666845,0.0034157181248811526,0.00032966073994402544,0.0014003571515347369,0.0031059937866198878,0.006200913204682856
2019-09-23,0.004012514325539905,266,0.0037175759763066044,0.0012892317495308814,0.0036164935989651545,0.0002794036957396928,0.001357756987062918,0.0031895731344504514,0.006606914967519215
2019-09-24,0.003941631624930188,267,0.0035477124928993513,0.001217608137973553,0.003966964732342661,0.00018322172274180392,0.0012876304199251666,0.0031043408712511955,0.006553346130373209
2019-09-25,0.0038677726479234235,268,0.0033050761680266205,0.0012486480681089727,0.003791263950043323,0.00017512479956375228,0.001262210105669045,0.0031944415877613367,0.006539987833266832
2019-09-26,0.0037591705169284515,269,0.003216269509868242,0.001136654206635061,0.003973737645274691,0.000190777801223455,0.0011874399844696221,0.0030557168285960624,0.006382491408833446
2019-09-27,0.0036904618283793576,270,0.0037803476893639235,0.0010769867597701702,0.003635312753552071,0.0001900791838194828,0.0012154277727861773,0.0031189798985308617,0.0065175174080700955
2019-09-28,0.003678760305092916,271,0.003611747043031214,0.001044618384989061,0.003654055965934726,0.0001963470856534216,0.001358908490121606,0.003182433042256837,0.006610730960853869
2019-09-29,0.0036420652462807695,272,0.0035374087671484703,0.000930085416847072,0.003431543500361803,0.00027159915244456915,0.001297089985613868,0.0031168331228822806,0.006680965067331325
2019-09-30,0.0035641138580466917,273,0.0037823115717438775,0.0008541663801063136,0.00341076916741445,0.0002332966545236427,0.0012955401341931698,0.0033167043472944846,0.00662746333755369
2019-10-01,0.0034603786169550873,274,0.0029920595899007047,0.000801894273566571,0.003057304996542335,0.00019322289135615845,0.001481167877309197,0.003470253974222844,0.006233280037631152
2019-10-02,0.003357034175336484,275,0.0029918518749366143,0.0007283297053927963,0.003256448463791229,0.0001820346180424369,0.0012155348071489266,0.0035802578846921523,0.006206822482404563
2019-10-03,0.003256742137946946,276,0.0029300185339240043,0.0006439003270227831,0.00301761269782887,0.0002451239683347884,0.0012389224490606326,0.003527577401376578,0.006209645537605655
2019-10-04,0.003191079357697309,277,0.002782962219559248,0.0006491804131907222,0.00286914138630677,0.000327335345194647,0.0011555905727765703,0.0033612553709119098,0.0060254224440151735
2019-10-05,0.003148001066791868,278,0.0029199550747848234,0.0007114864584592604,0.0031721463874103397,0.00021929766879777318,0.0010504228011258639,0.003352471911056607,0.006290828221973312
2019-10-06,0.003093388438854954,279,0.0031588322870147512,0.0007828903142165404,0.0033085372285666013,0.0002831134153668963,0.0009621992224459423,0.003124852650940748,0.006249418778377704
2019-10-07,0.00304791378167054,280,0.0030463768508481033,0.0008593112860260804,0.0030232495624349424,0.00025919694231428124,0.000999407822836865,0.003058747862880961,0.006268136206486611
2019-10-08,0.002987035037416626,281,0.003193936264825534,0.0008143023681989241,0.003078296758785554,0.0002692344578869557,0.0010624352496529173,0.0029782191106776305,0.006234403809782108
2019-10-09,0.0028804339342611064,282,0.003075539192219417,0.000714126821805931,0.0034676949907122847,0.0002647601676044012,0.0012727118123439418,0.0029531475994354333,0.00588503878225763
2019-10-10,0.0028077496716953842,283,0.002734964048503272,0.0005719475883802539,0.0034011327467943302,0.0002478705799160477,0.0013209592487059747,0.0027968566878004038,0.005863232224437139
2019-10-11,0.0026333632508014474,284,0.0034682487245011164,0.00046202124884741805,0.0031789816540837303,0.0001942627079131609,0.001158784267292921,0.002754371015134134,0.005786023082069031
2019-10-12,0.002537665216623979,285,0.003508868191531715,0.0004319184302657495,0.0030954933804182958,0.0001656759290559955,0.0008228765575936544,0.002712431456924312,0.005530680682775266
2019-10-13,0.0022450885919708926,286,0.003943706504429822,0.00038948657422046233,0.003268964033299756,0.0001927940167552459,0.000919680596403034,0.002609503676327476,0.005464847857835235
2019-10-14,0.0018622991389547683,287,0.0036082196715857364,0.00036337269925521785,0.0028965991712100723,0.00021436472713985656,0.0008462175126087926,0.0025476563434776874,0.005532882821804878
2019-10-15,0.0008316444268875797,288,0.0038462934162558,0.00018249479983242163,0.00315237244274076,0.00019339257071946287,0.0012049809113752162,0.0025033191400575623,0.005517408072936645
2019-10-16,0.0005464082018524314,289,0.0037685835533463855,2.6591163178407056e-05,0.0034210235243739336,0.0002543274067596036,0.0008130528141500837,0.0024445026772414074,0.00546375499226299
2019-10-17,0.00035266019949142986,290,0.003227330773624923,0.0,0.002709422923531119,0.00037023223561715135,0.0008406100502815182,0.002478185117341572,0.005450402743380107
2019-10-18,0.0002817091376012751,291,0.003660070701436306,0.0,0.002557380473618938,0.0005359725422749931,0.0009376925306160264,0.0022348810123549276,0.0053559725974110725
2019-10-19,0.00024593655026767375,292,0.0035820041231660687,0.0,0.0026030765146342174,0.000737272810025187,0.0009701354849458734,0.0020720731610194675,0.0050317304820621436
2019-10-20,0.00013045512213057434,293,0.003947877122267043,0.0,0.0025128539685009307,0.0008393348781654481,0.0011292088845502764,0.0018706541591866808,0.004462851018604999
2019-10-21,9.229178621375167e-05,294,0.004409131602460263,0.0,0.0028901883113103197,0.0008905982481598306,0.0011040205403990404,0.0018198440178983763,0.004531967046196306
2019-10-22,6.80601026781897e-05,295,0.004111909410911391,0.0,0.002665808794298867,0.0009574139450558819,0.0011557755648546083,0.0017092703534805091,0.004427296460353017
2019-10-23,2.9805446610982155e-05,296,0.00407027000214729,0.0,0.0026526329140311657,0.0010429587608408474,0.0010547918109313976,0.0017618909257007033,0.004474274251482142
2019-10-24,6.883379728211332e-06,297,0.0038988664710866276,0.0,0.0020724525200441985,0.001068690380964508,0.0009595332319315026,0.0016657311373394956,0.00436179562400561
2019-10-25,1.024628167561133e-06,298,0.004023576693970974,0.0,0.0025146660521757716,0.0011674452276871567,0.0011085320710887366,0.0016363201150762059,0.004300327329193919
2019-10-26,1.024628167561133e-06,299,0.003563035063025023,0.0,0.0025871695419959176,0.0013063960783047104,0.0011529240220155017,0.0015970666873988593,0.004278925949009766
2019-10-27,1.024628167561133e-06,300,0.003928817511676473,0.0,0.002441365662351931,0.00135343534664356,0.0007588922764269851,0.0015591651983601828,0.004321430156842755
2019-10-28,1.024628167561133e-06,301,0.003604469555436277,0.0,0.0027747203102293392,0.001348669390334941,0.001046491370905495,0.0015813988176336463,0.004291969833966345
2019-10-29,1.024628167561133e-06,302,0.0034272879532746487,0.0,0.0023713425120238593,0.0013481968781576344,0.000857503226377885,0.001588038793300846,0.004546441712633501
2019-10-30,1.024628167561133e-06,303,0.003248782254237462,0.0,0.0020767284043110967,0.0014001013888574171,0.0007778103144790076,0.001531178162169714,0.004582258936950694
2019-10-31,1.024628167561133e-06,304,0.0035503138252158993,0.0,0.002361264091408171,0.0014201422178176254,0.0007088001773529831,0.0016549107913533066,0.0044885450948559166
2019-11-01,1.024628167561133e-06,305,0.007285944160975247,0.0,0.006228287469390906,0.001383933568674128,0.0011323922521218077,0.001625448198056357,0.004259910427664876
2019-11-02,1.024628167561133e-06,306,0.006957529138348649,0.0,0.006946017627334563,0.0012509992047502277,0.0008863759492362554,0.001664536980657942,0.0034556827985495527
2019-11-03,1.024628167561133e-06,307,0.007235014119025506,0.0,0.007980032095122928,0.001206887205889284,0.0009255569241926172,0.0016574368222639342,0.003438854506608666
2019-11-04,0.0,308,0.007993339941166586,0.0,0.00696171689529657,0.0012014150678496267,0.0012010645129451741,0.0014855522478768488,0.0034995402971808014
2019-11-05,0.0,309,0.008681060296551074,0.0,0.00845122273485392,0.0012629719183813737,0.001151587787821697,0.0013530210808109938,0.003475263301249931
2019-11-06,0.0,310,0.009733441432938241,0.0,0.008722245043929908,0.0011940277321073967,0.0012959146040656144,0.001314809021135233,0.0033178477190137414
2019-11-07,0.0,311,0.010420800549874177,0.0,0.009059530986227766,0.0010460547039160511,0.00159475718070193,0.0013421152721896472,0.0030862004859565145
2019-11-08,0.0,312,0.010739044081329847,0.0,0.009286331312597176,0.0010266425666752212,0.001398121840542732,0.0013111548475944583,0.002908542397050152
2019-11-09,0.0,313,0.009311480643753594,0.0,0.008634605532198273,0.0008873398307888864,0.0014362291160581603,0.0013810621984684094,0.0027044633680665354
2019-11-10,0.0,314,0.008360355559708382,0.0,0.006755881403216426,0.0007724934771222487,0.001299554027266621,0.0013399253677443322,0.002411269038065897
2019-11-11,0.0,315,0.00794814133356735,0.0,0.006489692061797137,0.0006982761307811061,0.001575384430662059,0.001424494404779352,0.002447206206849207
2019-11-12,0.0,316,0.007865096477454776,0.0,0.0066732066932691835,0.0006130786833532213,0.0014453736935718714,0.001494702779998191,0.0024756136663762903
2019-11-13,0.0,317,0.008154488527763336,0.0,0.0056370406335563145,0.0004306705363293752,0.0013538562852360462,0.0014947823461223854,0.002340175343787096
2019-11-14,0.0,318,0.008417256917502107,0.0,0.005764437740318704,0.0003156205739970531,0.0015210697730894784,0.0014746219354817383,0.0023612894671928304
2019-11-15,0.0,319,0.008509269689530202,0.0,0.005775363857349539,0.00019708269115063234,0.0017045378529357096,0.001432809491083899,0.0025065580425659676
2019-11-16,0.0,320,0.00823070333002279,0.0,0.005720660405334961,0.00012808298488726805,0.0015314001592721732,0.0014892029788404276,0.00250746033510932
2019-11-17,0.0,321,0.008426384249109437,0.0,0.005423012236438129,0.00010931224318241159,0.0016790169975481395,0.0018254464520844657,0.0024125428839130566
2019-11-18,0.0,322,0.008976068380172545,0.0,0.0063408361226099715,0.00010662966767619685,0.001573303272724514,0.0016627645991431422,0.002266083363154663
2019-11-19,0.0,323,0.008799463011375635,0.0,0.008354006042934738,0.00013766021682664096,0.0014449536096007472,0.0013706439578315445,0.0023231674578039364
2019-11-20,0.0,324,0.009113889187233477,0.0,0.009965499380671065,0.000121927620617882,0.0014137654487170253,0.0013815090036009843,0.0022513699883630047
2019-11-21,0.0,325,0.009048891928710261,0.0,0.009658252539279115,9.832872630474353e-05,0.0014977282173718695,0.001415031566002612,0.002307492777267576
2019-11-22,0.0,326,0.00898486040229502,0.0,0.01018281890670516,9.832872630474353e-05,0.0014352006943819807,0.0014700534714368015,0.0023268114312245056
2019-11-23,0.0,327,0.00936531602577944,0.0,0.009521940566750391,8.888916857948816e-05,0.0015236617834740777,0.001618747269756142,0.0021781970334281337
2019-11-24,0.0,328,0.009573553649079086,0.0,0.009682398422659045,7.00100531289774e-05,0.0015612076976367062,0.001747350692336857,0.0021953738794019185
2019-11-25,0.0,329,0.00839124142807019,0.0,0.010417939625183855,5.8997235782846126e-05,0.0018259215149237847,0.0018245321826520586,0.0021227492390608815
2019-11-26,0.0,330,0.008754327035977649,0.0,0.010756045518713132,4.4051269384525106e-05,0.0014902561031994023,0.0016569568603162926,0.0017606029116162987
2019-11-27,0.0,331,0.009150691206910175,0.0,0.00991442140263069,1.4945966398321017e-05,0.0016340829007857598,0.0016752707753984832,0.0017317172948225574
2019-11-28,0.0,332,0.008508844199060733,0.0,0.009532813415844759,0.0,0.0015858799502555788,0.0015880069559065543,0.0017135274769107987
2019-11-29,0.0,333,0.008145833688931054,0.0,0.010079329105561946,0.0,0.0016789721157121982,0.0017386711692629429,0.0018494299572484113
2019-11-30,0.0,334,0.008649797845457491,0.0,0.009222728007921384,0.0,0.001566710559046631,0.0017312104034198522,0.0017492424973990402
2019-12-01,0.0,335,0.00816897477101041,0.0,0.008428520560397165,0.0,0.001604318651847863,0.0018448525510896233,0.0015082517224627194
2019-12-02,0.0,336,0.007807520906303493,0.0,0.008739694644729843,0.0,0.0020021813893630683,0.0017581010171512923,0.0014172023801744097
2019-12-03,0.0,337,0.007754056692604636,0.0,0.009816280306156463,0.0,0.0016596101500304602,0.0022030094947102993,0.0011289450901438888
2019-12-04,0.0,338,0.008299010107471524,0.0,0.011058359305873035,0.0,0.0017631347208737443,0.0021039019387959585,0.001171730814649014
2019-12-05,0.0,339,0.00769787847425332,0.0,0.011442266981500533,0.0,0.0021933909454160396,0.001892348137029102,0.0011087077288946098
2019-12-06,0.0,340,0.007892229344591347,0.0,0.010908105263946321,0.0,0.0020714647338270975,0.001835422990381791,0.001026580478728906
2019-12-07,0.0,341,0.007792275302081533,0.0,0.010529554556514133,0.0,0.0020579901782561715,0.0018176944128983359,0.00101297497379646
2019-12-08,0.0,342,0.007773638690977255,0.0,0.010536385876997331,0.0,0.0017839068209022236,0.0018740909756639992,0.001016037344049451
2019-12-09,0.0,343,0.00788278466736657,0.0,0.010705125700946744,0.0,0.002083664981565744,0.0019863245001117843,0.0010115017063489168
2019-12-10,0.0,344,0.008323936400396815,0.0,0.011884844717881076,0.00013914653083844927,0.0021339704518062996,0.002178679790353169,0.001012110926066669
2019-12-11,0.0,345,0.008583691259294831,0.0,0.011882485179070063,0.00020355149654081726,0.002037700894750293,0.0021483821303274744,0.0011152727552143403
2019-12-12,0.0,346,0.009012505903454439,0.0,0.012116780884981571,5.009275110184174e-05,0.0019138017664472894,0.002073174917769707,0.0009540891154363631
2019-12-13,0.0,347,0.00861033539087421,0.0,0.011614820785329131,3.339516740122783e-05,0.0018808237917198394,0.0021555404645763904,0.0009132029809323715
2019-12-14,0.0,348,0.008768814021375885,0.0,0.011958772418355112,2.501374739614274e-05,0.001888216899225524,0.0023510673546420116,0.0009035173296170782
2019-12-15,0.0,349,0.009550595391959262,0.0,0.012617244641097949,0.0,0.0018496036456321903,0.0026860604751348578,0.0009102165605133881
2019-12-16,0.0,350,0.009561807502759655,0.0,0.01281448646136399,0.0,0.001725450396034455,0.00281578992117213,0.0009267864529097703
2019-12-17,0.0,351,0.00955580137295339,0.0,0.011791481959587407,0.0,0.002184450680829312,0.0026363585827834674,0.0009304648321981957
2019-12-18,0.0,352,0.009965392164125281,0.0,0.012335415270518962,0.0,0.0019391738690582687,0.002271960947667529,0.000939457734762268
2019-12-19,0.0,353,0.010141491616027011,0.0,0.012071496597174164,0.0,0.0017468515589568452,0.0025083453377658894,0.0008665908861246413
2019-12-20,0.0,354,0.009733243221926511,0.0,0.010916961393189276,0.0,0.001684445296916098,0.002645975074514635,0.0009700546138038142
2019-12-21,0.0,355,0.010399114413667771,0.0,0.010787817978072725,0.0,0.0014880636596494873,0.002822632525245127,0.0009289986604179982
2019-12-22,0.0,356,0.010377406410258475,0.0,0.011669318604810852,0.0,0.0018132784901873928,0.0033972254036045545,0.0009071931340392282
2019-12-23,0.0,357,0.010014586800303737,0.0,0.011723430519669757,0.0,0.0017249652043544537,0.002691834376954766,0.0009079240999113635
2019-12-24,0.0,358,0.009748719176505636,0.0,0.01117223535224438,0.0,0.0016350657700604087,0.0025632132810362294,0.0008770926006163751
2019-12-25,0.0,359,0.010061742712066161,0.0,0.01062164889916487,0.0,0.0015812615514565107,0.0022182046189671073,0.0008564724433209635
2019-12-26,0.0,360,0.010305669568682741,0.0,0.009982215918717018,0.0,0.0015233868975083492,0.0021961717862445497,0.0008441993220868113
2019-12-27,0.0,361,0.010307960602816973,0.0,0.00937184386238003,0.0,0.0015523771318559137,0.002392014074308983,0.0008373934538427186
2019-12-28,0.0,362,0.009522319569491408,0.0,0.008858075321951054,0.0,0.0018475167348470862,0.002495955842612272,0.0008773840395499568
2019-12-29,0.0,363,0.009589355787170031,0.0,0.008397376497833389,0.0,0.0019386690754670363,0.002376675714112194,0.0009046028057646075
2019-12-30,0.0,364,0.008772279145337496,0.0,0.007490451682908011,0.0,0.0018496040165849068,0.0025058500305245516,0.0009141006994236133
2019-12-31,0.0,365,0.007998374478595515,0.0,0.009280679068064384,0.0,0.001789101696046809,0.002862850346934704,0.0009059286062772207
